AnalysisLevel,Island,RTO_or_Island,MonthNumber,MonthName,AvgMonthlySpendMillion,SeasonalityIndex
Island,North Island,North Island,1,January,1042.5,112.3
Island,North Island,North Island,2,February,948.27,102.1
Island,North Island,North Island,3,March,994.24,107.1
Island,North Island,North Island,4,April,863.32,93.0
Island,North Island,North Island,5,May,867.16,93.4
Island,North Island,North Island,6,June,809.31,87.2
Island,North Island,North Island,7,July,836.55,90.1
Island,North Island,North Island,8,August,836.8,90.1
Island,North Island,North Island,9,September,844.99,91.0
Island,North Island,North Island,10,October,956.67,103.0
Island,North Island,North Island,11,November,1017.91,109.6
Island,North Island,North Island,12,December,1125.54,121.2
Island,South Island,South Island,1,January,695.34,122.4
Island,South Island,South Island,2,February,665.35,117.1
Island,South Island,South Island,3,March,651.07,114.6
Island,South Island,South Island,4,April,563.93,99.2
Island,South Island,South Island,5,May,461.02,81.1
Island,South Island,South Island,6,June,415.36,73.1
Island,South Island,South Island,7,July,523.17,92.1
Island,South Island,South Island,8,August,523.81,92.2
Island,South Island,South Island,9,September,490.61,86.3
Island,South Island,South Island,10,October,517.91,91.1
Island,South Island,South Island,11,November,597.22,105.1
Island,South Island,South Island,12,December,714.72,125.8
RTO,North Island,Auckland,1,January,445.54,106.7
RTO,North Island,Auckland,2,February,414.17,99.2
RTO,North Island,Auckland,3,March,452.04,108.3
RTO,North Island,Auckland,4,April,355.29,85.1
RTO,North Island,Auckland,5,May,390.67,93.6
RTO,North Island,Auckland,6,June,354.95,85.0
RTO,North Island,Auckland,7,July,370.59,88.8
RTO,North Island,Auckland,8,August,386.61,92.6
RTO,North Island,Auckland,9,September,403.86,96.7
RTO,North Island,Auckland,10,October,431.27,103.3
RTO,North Island,Auckland,11,November,492.95,118.1
RTO,North Island,Auckland,12,December,511.67,122.6
RTO,North Island,Coastal Bay of Plenty,1,January,50.37,132.9
RTO,North Island,Coastal Bay of Plenty,2,February,38.47,101.5
RTO,North Island,Coastal Bay of Plenty,3,March,39.69,104.7
RTO,North Island,Coastal Bay of Plenty,4,April,35.72,94.2
RTO,North Island,Coastal Bay of Plenty,5,May,33.44,88.2
RTO,North Island,Coastal Bay of Plenty,6,June,35.21,92.9
RTO,North Island,Coastal Bay of Plenty,7,July,30.72,81.0
RTO,North Island,Coastal Bay of Plenty,8,August,31.03,81.9
RTO,North Island,Coastal Bay of Plenty,9,September,33.32,87.9
RTO,North Island,Coastal Bay of Plenty,10,October,38.54,101.7
RTO,North Island,Coastal Bay of Plenty,11,November,38.52,101.7
RTO,North Island,Coastal Bay of Plenty,12,December,49.75,131.3
RTO,North Island,Coromandel,1,January,56.97,192.3
RTO,North Island,Coromandel,2,February,34.06,115.0
RTO,North Island,Coromandel,3,March,34.54,116.6
RTO,North Island,Coromandel,4,April,28.41,95.9
RTO,North Island,Coromandel,5,May,21.31,71.9
RTO,North Island,Coromandel,6,June,22.63,76.4
RTO,North Island,Coromandel,7,July,18.44,62.2
RTO,North Island,Coromandel,8,August,17.1,57.7
RTO,North Island,Coromandel,9,September,20.18,68.1
RTO,North Island,Coromandel,10,October,28.81,97.2
RTO,North Island,Coromandel,11,November,27.51,92.9
RTO,North Island,Coromandel,12,December,45.52,153.7
RTO,North Island,Gisborne,1,January,11.12,111.8
RTO,North Island,Gisborne,2,February,8.78,88.3
RTO,North Island,Gisborne,3,March,9.2,92.6
RTO,North Island,Gisborne,4,April,9.91,99.6
RTO,North Island,Gisborne,5,May,9.4,94.5
RTO,North Island,Gisborne,6,June,9.05,91.0
RTO,North Island,Gisborne,7,July,9.01,90.6
RTO,North Island,Gisborne,8,August,8.76,88.1
RTO,North Island,Gisborne,9,September,8.62,86.7
RTO,North Island,Gisborne,10,October,10.52,105.8
RTO,North Island,Gisborne,11,November,10.47,105.3
RTO,North Island,Gisborne,12,December,14.47,145.6
RTO,North Island,Hawke's Bay,1,January,35.11,114.9
RTO,North Island,Hawke's Bay,2,February,31.38,102.7
RTO,North Island,Hawke's Bay,3,March,31.79,104.0
RTO,North Island,Hawke's Bay,4,April,30.91,101.1
RTO,North Island,Hawke's Bay,5,May,29.52,96.6
RTO,North Island,Hawke's Bay,6,June,26.09,85.3
RTO,North Island,Hawke's Bay,7,July,25.76,84.3
RTO,North Island,Hawke's Bay,8,August,25.84,84.5
RTO,North Island,Hawke's Bay,9,September,26.2,85.7
RTO,North Island,Hawke's Bay,10,October,32.6,106.7
RTO,North Island,Hawke's Bay,11,November,32.75,107.1
RTO,North Island,Hawke's Bay,12,December,38.85,127.1
RTO,North Island,Manawatū,1,January,20.96,81.2
RTO,North Island,Manawatū,2,February,28.32,109.8
RTO,North Island,Manawatū,3,March,26.76,103.7
RTO,North Island,Manawatū,4,April,23.9,92.6
RTO,North Island,Manawatū,5,May,27.1,105.0
RTO,North Island,Manawatū,6,June,26.74,103.6
RTO,North Island,Manawatū,7,July,26.71,103.5
RTO,North Island,Manawatū,8,August,25.73,99.7
RTO,North Island,Manawatū,9,September,24.91,96.5
RTO,North Island,Manawatū,10,October,26.74,103.6
RTO,North Island,Manawatū,11,November,25.14,97.4
RTO,North Island,Manawatū,12,December,26.61,103.1
RTO,North Island,Northland,1,January,100.26,138.0
RTO,North Island,Northland,2,February,92.76,127.7
RTO,North Island,Northland,3,March,87.93,121.1
RTO,North Island,Northland,4,April,68.39,94.2
RTO,North Island,Northland,5,May,62.6,86.2
RTO,North Island,Northland,6,June,54.34,74.8
RTO,North Island,Northland,7,July,63.61,87.6
RTO,North Island,Northland,8,August,65.73,90.5
RTO,North Island,Northland,9,September,45.16,62.2
RTO,North Island,Northland,10,October,66.94,92.2
RTO,North Island,Northland,11,November,75.0,103.3
RTO,North Island,Northland,12,December,88.81,122.3
RTO,North Island,Rotorua,1,January,56.15,129.7
RTO,North Island,Rotorua,2,February,42.85,99.0
RTO,North Island,Rotorua,3,March,43.86,101.3
RTO,North Island,Rotorua,4,April,44.63,103.1
RTO,North Island,Rotorua,5,May,38.83,89.7
RTO,North Island,Rotorua,6,June,39.57,91.4
RTO,North Island,Rotorua,7,July,40.82,94.3
RTO,North Island,Rotorua,8,August,34.2,79.0
RTO,North Island,Rotorua,9,September,36.91,85.3
RTO,North Island,Rotorua,10,October,43.66,100.9
RTO,North Island,Rotorua,11,November,44.46,102.7
RTO,North Island,Rotorua,12,December,53.55,123.7
RTO,North Island,Ruapehu,1,January,9.69,85.4
RTO,North Island,Ruapehu,2,February,9.23,81.3
RTO,North Island,Ruapehu,3,March,8.33,73.4
RTO,North Island,Ruapehu,4,April,9.19,81.0
RTO,North Island,Ruapehu,5,May,5.59,49.2
RTO,North Island,Ruapehu,6,June,8.59,75.7
RTO,North Island,Ruapehu,7,July,19.55,172.2
RTO,North Island,Ruapehu,8,August,20.94,184.5
RTO,North Island,Ruapehu,9,September,16.27,143.3
RTO,North Island,Ruapehu,10,October,12.94,114.0
RTO,North Island,Ruapehu,11,November,7.16,63.1
RTO,North Island,Ruapehu,12,December,8.71,76.7
RTO,North Island,Taranaki,1,January,25.11,122.0
RTO,North Island,Taranaki,2,February,18.1,87.9
RTO,North Island,Taranaki,3,March,21.76,105.7
RTO,North Island,Taranaki,4,April,20.25,98.4
RTO,North Island,Taranaki,5,May,20.38,99.0
RTO,North Island,Taranaki,6,June,19.46,94.5
RTO,North Island,Taranaki,7,July,19.03,92.4
RTO,North Island,Taranaki,8,August,16.93,82.2
RTO,North Island,Taranaki,9,September,16.84,81.8
RTO,North Island,Taranaki,10,October,20.65,100.3
RTO,North Island,Taranaki,11,November,21.87,106.2
RTO,North Island,Taranaki,12,December,26.67,129.5
RTO,North Island,Taupō,1,January,53.44,141.2
RTO,North Island,Taupō,2,February,40.43,106.8
RTO,North Island,Taupō,3,March,41.15,108.7
RTO,North Island,Taupō,4,April,43.86,115.9
RTO,North Island,Taupō,5,May,30.51,80.6
RTO,North Island,Taupō,6,June,30.07,79.5
RTO,North Island,Taupō,7,July,30.18,79.7
RTO,North Island,Taupō,8,August,27.98,73.9
RTO,North Island,Taupō,9,September,30.23,79.9
RTO,North Island,Taupō,10,October,38.47,101.6
RTO,North Island,Taupō,11,November,38.32,101.2
RTO,North Island,Taupō,12,December,49.49,130.8
RTO,North Island,Waikato,1,January,63.36,87.8
RTO,North Island,Waikato,2,February,67.03,92.9
RTO,North Island,Waikato,3,March,69.65,96.5
RTO,North Island,Waikato,4,April,78.22,108.4
RTO,North Island,Waikato,5,May,77.47,107.4
RTO,North Island,Waikato,6,June,75.89,105.2
RTO,North Island,Waikato,7,July,70.88,98.2
RTO,North Island,Waikato,8,August,68.56,95.0
RTO,North Island,Waikato,9,September,64.54,89.5
RTO,North Island,Waikato,10,October,78.83,109.3
RTO,North Island,Waikato,11,November,74.9,103.8
RTO,North Island,Waikato,12,December,76.44,105.9
RTO,North Island,Wairarapa,1,January,15.05,105.3
RTO,North Island,Wairarapa,2,February,13.82,96.6
RTO,North Island,Wairarapa,3,March,14.32,100.1
RTO,North Island,Wairarapa,4,April,14.79,103.4
RTO,North Island,Wairarapa,5,May,14.39,100.6
RTO,North Island,Wairarapa,6,June,13.48,94.3
RTO,North Island,Wairarapa,7,July,14.24,99.6
RTO,North Island,Wairarapa,8,August,11.8,82.5
RTO,North Island,Wairarapa,9,September,12.54,87.7
RTO,North Island,Wairarapa,10,October,15.18,106.1
RTO,North Island,Wairarapa,11,November,15.33,107.2
RTO,North Island,Wairarapa,12,December,16.69,116.7
RTO,North Island,Wellington,1,January,91.04,93.9
RTO,North Island,Wellington,2,February,100.79,103.9
RTO,North Island,Wellington,3,March,104.69,107.9
RTO,North Island,Wellington,4,April,91.22,94.1
RTO,North Island,Wellington,5,May,97.89,100.9
RTO,North Island,Wellington,6,June,85.9,88.6
RTO,North Island,Wellington,7,July,89.81,92.6
RTO,North Island,Wellington,8,August,88.32,91.1
RTO,North Island,Wellington,9,September,98.07,101.1
RTO,North Island,Wellington,10,October,103.37,106.6
RTO,North Island,Wellington,11,November,104.5,107.7
RTO,North Island,Wellington,12,December,108.19,111.6
RTO,North Island,Whanganui,1,January,8.34,102.1
RTO,North Island,Whanganui,2,February,8.07,98.7
RTO,North Island,Whanganui,3,March,8.53,104.3
RTO,North Island,Whanganui,4,April,8.61,105.4
RTO,North Island,Whanganui,5,May,8.08,98.8
RTO,North Island,Whanganui,6,June,7.33,89.6
RTO,North Island,Whanganui,7,July,7.19,88.0
RTO,North Island,Whanganui,8,August,7.29,89.1
RTO,North Island,Whanganui,9,September,7.33,89.7
RTO,North Island,Whanganui,10,October,8.16,99.8
RTO,North Island,Whanganui,11,November,9.03,110.5
RTO,North Island,Whanganui,12,December,10.14,124.1
RTO,South Island,Canterbury,1,January,135.43,101.8
RTO,South Island,Canterbury,2,February,148.48,111.6
RTO,South Island,Canterbury,3,March,140.36,105.5
RTO,South Island,Canterbury,4,April,127.79,96.1
RTO,South Island,Canterbury,5,May,121.79,91.6
RTO,South Island,Canterbury,6,June,109.21,82.1
RTO,South Island,Canterbury,7,July,132.05,99.3
RTO,South Island,Canterbury,8,August,127.19,95.6
RTO,South Island,Canterbury,9,September,129.65,97.5
RTO,South Island,Canterbury,10,October,129.41,97.3
RTO,South Island,Canterbury,11,November,142.29,107.0
RTO,South Island,Canterbury,12,December,152.53,114.7
RTO,South Island,Central Otago,1,January,15.91,145.5
RTO,South Island,Central Otago,2,February,15.19,138.9
RTO,South Island,Central Otago,3,March,13.27,121.4
RTO,South Island,Central Otago,4,April,13.29,121.5
RTO,South Island,Central Otago,5,May,8.03,73.4
RTO,South Island,Central Otago,6,June,7.0,64.0
RTO,South Island,Central Otago,7,July,7.29,66.6
RTO,South Island,Central Otago,8,August,7.61,69.6
RTO,South Island,Central Otago,9,September,8.1,74.1
RTO,South Island,Central Otago,10,October,9.94,90.9
RTO,South Island,Central Otago,11,November,11.1,101.5
RTO,South Island,Central Otago,12,December,14.49,132.5
RTO,South Island,Clutha,1,January,4.2,102.0
RTO,South Island,Clutha,2,February,4.35,105.6
RTO,South Island,Clutha,3,March,4.95,120.2
RTO,South Island,Clutha,4,April,4.89,118.8
RTO,South Island,Clutha,5,May,4.57,111.0
RTO,South Island,Clutha,6,June,3.21,77.9
RTO,South Island,Clutha,7,July,3.65,88.7
RTO,South Island,Clutha,8,August,4.48,108.7
RTO,South Island,Clutha,9,September,3.09,75.0
RTO,South Island,Clutha,10,October,3.53,85.6
RTO,South Island,Clutha,11,November,4.56,110.6
RTO,South Island,Clutha,12,December,3.95,95.9
RTO,South Island,Dunedin,1,January,32.09,88.1
RTO,South Island,Dunedin,2,February,38.95,107.0
RTO,South Island,Dunedin,3,March,45.7,125.5
RTO,South Island,Dunedin,4,April,37.68,103.5
RTO,South Island,Dunedin,5,May,41.62,114.3
RTO,South Island,Dunedin,6,June,31.82,87.4
RTO,South Island,Dunedin,7,July,33.95,93.2
RTO,South Island,Dunedin,8,August,32.85,90.2
RTO,South Island,Dunedin,9,September,30.3,83.2
RTO,South Island,Dunedin,10,October,34.57,94.9
RTO,South Island,Dunedin,11,November,37.13,102.0
RTO,South Island,Dunedin,12,December,40.35,110.8
RTO,South Island,Fiordland,1,January,29.42,146.2
RTO,South Island,Fiordland,2,February,26.99,134.1
RTO,South Island,Fiordland,3,March,29.0,144.1
RTO,South Island,Fiordland,4,April,23.4,116.3
RTO,South Island,Fiordland,5,May,14.98,74.4
RTO,South Island,Fiordland,6,June,10.76,53.5
RTO,South Island,Fiordland,7,July,10.04,49.9
RTO,South Island,Fiordland,8,August,11.56,57.4
RTO,South Island,Fiordland,9,September,12.51,62.1
RTO,South Island,Fiordland,10,October,18.01,89.5
RTO,South Island,Fiordland,11,November,25.25,125.5
RTO,South Island,Fiordland,12,December,29.58,147.0
RTO,South Island,Hurunui,1,January,10.25,115.4
RTO,South Island,Hurunui,2,February,8.66,97.5
RTO,South Island,Hurunui,3,March,8.84,99.5
RTO,South Island,Hurunui,4,April,10.35,116.6
RTO,South Island,Hurunui,5,May,8.19,92.2
RTO,South Island,Hurunui,6,June,8.15,91.7
RTO,South Island,Hurunui,7,July,9.13,102.8
RTO,South Island,Hurunui,8,August,7.73,87.0
RTO,South Island,Hurunui,9,September,7.68,86.5
RTO,South Island,Hurunui,10,October,9.1,102.5
RTO,South Island,Hurunui,11,November,9.04,101.8
RTO,South Island,Hurunui,12,December,9.46,106.6
RTO,South Island,Kaikōura,1,January,9.73,131.9
RTO,South Island,Kaikōura,2,February,9.27,125.6
RTO,South Island,Kaikōura,3,March,8.97,121.6
RTO,South Island,Kaikōura,4,April,8.16,110.7
RTO,South Island,Kaikōura,5,May,5.52,74.8
RTO,South Island,Kaikōura,6,June,4.98,67.6
RTO,South Island,Kaikōura,7,July,4.7,63.8
RTO,South Island,Kaikōura,8,August,4.18,56.7
RTO,South Island,Kaikōura,9,September,5.96,80.7
RTO,South Island,Kaikōura,10,October,7.58,102.7
RTO,South Island,Kaikōura,11,November,9.15,124.1
RTO,South Island,Kaikōura,12,December,10.33,140.0
RTO,South Island,Mackenzie,1,January,26.94,133.7
RTO,South Island,Mackenzie,2,February,26.53,131.6
RTO,South Island,Mackenzie,3,March,22.57,112.0
RTO,South Island,Mackenzie,4,April,20.93,103.8
RTO,South Island,Mackenzie,5,May,15.44,76.6
RTO,South Island,Mackenzie,6,June,10.8,53.6
RTO,South Island,Mackenzie,7,July,15.36,76.2
RTO,South Island,Mackenzie,8,August,17.63,87.4
RTO,South Island,Mackenzie,9,September,15.21,75.4
RTO,South Island,Mackenzie,10,October,18.12,89.9
RTO,South Island,Mackenzie,11,November,25.46,126.3
RTO,South Island,Mackenzie,12,December,26.9,133.5
RTO,South Island,Marlborough,1,January,31.25,145.8
RTO,South Island,Marlborough,2,February,29.19,136.1
RTO,South Island,Marlborough,3,March,27.36,127.6
RTO,South Island,Marlborough,4,April,22.01,102.7
RTO,South Island,Marlborough,5,May,16.29,76.0
RTO,South Island,Marlborough,6,June,12.48,58.2
RTO,South Island,Marlborough,7,July,12.06,56.2
RTO,South Island,Marlborough,8,August,13.08,61.0
RTO,South Island,Marlborough,9,September,15.73,73.4
RTO,South Island,Marlborough,10,October,19.5,91.0
RTO,South Island,Marlborough,11,November,25.94,121.0
RTO,South Island,Marlborough,12,December,32.37,151.0
RTO,South Island,Nelson Tasman,1,January,74.88,183.0
RTO,South Island,Nelson Tasman,2,February,58.02,141.8
RTO,South Island,Nelson Tasman,3,March,50.75,124.0
RTO,South Island,Nelson Tasman,4,April,38.17,93.3
RTO,South Island,Nelson Tasman,5,May,29.63,72.4
RTO,South Island,Nelson Tasman,6,June,25.56,62.5
RTO,South Island,Nelson Tasman,7,July,23.38,57.1
RTO,South Island,Nelson Tasman,8,August,23.88,58.4
RTO,South Island,Nelson Tasman,9,September,27.46,67.1
RTO,South Island,Nelson Tasman,10,October,32.92,80.4
RTO,South Island,Nelson Tasman,11,November,42.2,103.1
RTO,South Island,Nelson Tasman,12,December,64.19,156.9
RTO,South Island,Queenstown,1,January,184.68,124.6
RTO,South Island,Queenstown,2,February,164.73,111.2
RTO,South Island,Queenstown,3,March,161.33,108.9
RTO,South Island,Queenstown,4,April,139.64,94.2
RTO,South Island,Queenstown,5,May,95.77,64.6
RTO,South Island,Queenstown,6,June,105.14,70.9
RTO,South Island,Queenstown,7,July,170.55,115.1
RTO,South Island,Queenstown,8,August,167.81,113.2
RTO,South Island,Queenstown,9,September,135.51,91.4
RTO,South Island,Queenstown,10,October,126.85,85.6
RTO,South Island,Queenstown,11,November,139.1,93.9
RTO,South Island,Queenstown,12,December,187.38,126.4
RTO,South Island,Southland,1,January,26.91,90.0
RTO,South Island,Southland,2,February,30.74,102.8
RTO,South Island,Southland,3,March,31.51,105.3
RTO,South Island,Southland,4,April,31.43,105.1
RTO,South Island,Southland,5,May,32.26,107.9
RTO,South Island,Southland,6,June,27.16,90.8
RTO,South Island,Southland,7,July,29.71,99.3
RTO,South Island,Southland,8,August,27.94,93.4
RTO,South Island,Southland,9,September,26.06,87.1
RTO,South Island,Southland,10,October,30.85,103.2
RTO,South Island,Southland,11,November,32.25,107.8
RTO,South Island,Southland,12,December,32.11,107.3
RTO,South Island,Timaru,1,January,11.77,102.6
RTO,South Island,Timaru,2,February,11.34,98.8
RTO,South Island,Timaru,3,March,12.08,105.3
RTO,South Island,Timaru,4,April,11.27,98.2
RTO,South Island,Timaru,5,May,11.42,99.5
RTO,South Island,Timaru,6,June,10.15,88.4
RTO,South Island,Timaru,7,July,10.05,87.6
RTO,South Island,Timaru,8,August,10.22,89.1
RTO,South Island,Timaru,9,September,10.82,94.3
RTO,South Island,Timaru,10,October,12.01,104.7
RTO,South Island,Timaru,11,November,12.73,110.9
RTO,South Island,Timaru,12,December,13.85,120.7
RTO,South Island,Waitaki,1,January,11.55,105.1
RTO,South Island,Waitaki,2,February,10.6,96.5
RTO,South Island,Waitaki,3,March,13.83,125.8
RTO,South Island,Waitaki,4,April,11.21,102.0
RTO,South Island,Waitaki,5,May,10.16,92.5
RTO,South Island,Waitaki,6,June,8.81,80.2
RTO,South Island,Waitaki,7,July,10.02,91.1
RTO,South Island,Waitaki,8,August,9.69,88.2
RTO,South Island,Waitaki,9,September,9.99,90.9
RTO,South Island,Waitaki,10,October,11.12,101.2
RTO,South Island,Waitaki,11,November,11.97,108.9
RTO,South Island,Waitaki,12,December,12.93,117.6
RTO,South Island,West Coast,1,January,52.44,152.0
RTO,South Island,West Coast,2,February,49.76,144.3
RTO,South Island,West Coast,3,March,48.27,140.0
RTO,South Island,West Coast,4,April,37.04,107.4
RTO,South Island,West Coast,5,May,25.53,74.0
RTO,South Island,West Coast,6,June,18.71,54.2
RTO,South Island,West Coast,7,July,20.74,60.1
RTO,South Island,West Coast,8,August,19.74,57.2
RTO,South Island,West Coast,9,September,22.92,66.5
RTO,South Island,West Coast,10,October,31.08,90.1
RTO,South Island,West Coast,11,November,39.85,115.5
RTO,South Island,West Coast,12,December,47.83,138.7
RTO,South Island,Wānaka,1,January,37.89,127.0
RTO,South Island,Wānaka,2,February,32.54,109.1
RTO,South Island,Wānaka,3,March,32.28,108.2
RTO,South Island,Wānaka,4,April,26.68,89.4
RTO,South Island,Wānaka,5,May,19.82,66.4
RTO,South Island,Wānaka,6,June,21.42,71.8
RTO,South Island,Wānaka,7,July,30.5,102.3
RTO,South Island,Wānaka,8,August,38.22,128.1
RTO,South Island,Wānaka,9,September,29.65,99.4
RTO,South Island,Wānaka,10,October,23.32,78.2
RTO,South Island,Wānaka,11,November,29.21,97.9
RTO,South Island,Wānaka,12,December,36.46,122.2
